Simbol,Name,Morningstar Category,YTD # (Daily),1 Yr,3 Yr,5 Yr,10 Yr,Expense Ratio,,Morningstar,
,,,,,,,,Life of Fund,Net †,Gross ‡,Overall
FSRBX,Fidelity Select Banking Portfolio (FSRBX),Financial,13.65%,47.25%,6.35%,10.74%,8.83%,9.68%,0.72%,0.72%,95
FSELX,Fidelityï¿½Select Semiconductors Portfolio (FSELX),Technology,31.84%,45.33%,25.22%,35.69%,26.51%,14.96%,0.65%,0.65%,231
FSPCX,Fidelity Select Insurance Portfolio (FSPCX),Financial,27.79%,39.69%,17.83%,16.61%,13.18%,11.78%,0.73%,0.73%,95
FCNTX,Fidelityï¿½Contrafundï¿½(FCNTX),Large Growth,27.13%,38.78%,9.37%,18.15%,14.87%,12.96%,0.39%,0.39%,1083
FPHAX,Fidelityï¿½Select Pharmaceuticals Portfolio (FPHAX),Health,29.73%,37.70%,14.69%,17.53%,10.93%,9.73%,0.70%,0.70%,160
FIDSX,Fidelity Select Financials Portfolio (FIDSX),Financial,16.77%,37.70%,8.95%,14.40%,10.76%,11.39%,0.72%,0.72%,95
FSLBX,Fidelity Select Brokerage and Investment Management Portfolio (FSLBX),Financial,15.64%,36.27%,8.95%,19.32%,11.92%,11.60%,0.70%,0.70%,95
FBGRX,Fidelity Blue Chip Growth Fund (FBGRX),Large Growth,23.68%,35.12%,6.91%,21.51%,17.18%,13.01%,0.48%,0.48%,1083
FTQGX,Fidelityï¿½Focused Stock Fund (FTQGX),Large Growth,27.90%,34.87%,8.57%,17.70%,14.70%,9.90%,0.47%,0.47%,1083
FTRNX,Fidelityï¿½Trend Fund (FTRNX),Large Growth,23.59%,34.09%,7.70%,18.89%,15.43%,12.34%,0.49%,0.49%,1083
FMAGX,Fidelityï¿½Magellanï¿½Fund (FMAGX),Large Growth,23.56%,33.74%,7.71%,15.51%,13.12%,15.81%,0.47%,0.47%,1083
FDSVX,Fidelityï¿½Growth Discovery Fund (FDSVX),Large Growth,23.24%,33.67%,9.23%,20.02%,15.85%,10.55%,0.66%,0.66%,1083
FIUIX,Fidelityï¿½Telecom and Utilities Fund (FIUIX),Utilities,26.49%,32.59%,11.37%,9.16%,8.62%,9.24%,0.75%,0.75%,58
FSPTX,Fidelityï¿½Select Technology Portfolio (FSPTX),Technology,20.73%,31.49%,9.30%,23.66%,20.01%,14.15%,0.64%,0.64%,231
FDGFX,Fidelityï¿½Dividend Growth Fund (FDGFX),Large Blend,20.97%,31.34%,10.77%,14.26%,10.19%,10.78%,0.77%,0.77%,1292
FBIOX,Fidelityï¿½Select Biotechnology Portfolio (FBIOX),Health,19.54%,30.99%,-1.11%,10.12%,7.33%,12.54%,0.66%,0.66%,160
FWWFX,Fidelityï¿½Worldwide Fund (FWWFX),Global Large-Stock Growth,21.86%,30.89%,5.31%,14.32%,11.18%,8.99%,0.63%,0.63%,323
FFIDX,Fidelityï¿½Fund (FFIDX),Large Growth,21.25%,30.79%,8.02%,17.19%,13.46%,10.44%,0.43%,0.43%,1083
FSPGX,Fidelityï¿½Large Cap Growth Index Fund (FSPGX),Large Growth,20.88%,30.77%,8.85%,19.05%,--,18.12%,0.04%,0.04%,1083
FOCPX,Fidelityï¿½OTC Portfolio (FOCPX),Large Growth,20.83%,30.63%,6.10%,19.64%,17.00%,14.40%,0.70%,0.70%,1083
FDCPX,Fidelity Select Tech Hardware Portfolio (FDCPX),Technology,15.55%,29.87%,7.52%,20.12%,14.08%,12.71%,0.70%,0.70%,231
FIFNX,Fidelityï¿½Founders Fund (FIFNX),Large Growth,19.23%,29.87%,6.33%,17.04%,--,17.10%,0.72%,0.72%,1083
FSDAX,Fidelityï¿½Select Defense and Aerospace Portfolio (FSDAX),Industrials,14.42%,29.85%,12.15%,7.40%,11.63%,11.60%,0.68%,0.68%,43
FCYIX,Fidelityï¿½Select Industrials Portfolio (FCYIX),Industrials,17.45%,29.64%,11.61%,12.93%,10.26%,10.43%,0.69%,0.69%,43
FMILX,Fidelityï¿½New Millennium Fundï¿½(FMILX),Large Value,20.03%,29.45%,15.02%,16.68%,11.86%,13.42%,0.84%,0.84%,1089
FDCAX,Fidelityï¿½Capital Appreciation Fund (FDCAX),Large Growth,19.50%,29.41%,8.44%,17.46%,12.87%,11.61%,0.61%,0.61%,1083
FDEQX,Fidelityï¿½Disciplined Equity Fund (FDEQX),Large Growth,18.79%,29.27%,6.65%,16.02%,11.74%,10.83%,0.46%,0.46%,1083
FGRTX,Fidelityï¿½Mega Cap Stock Fund (FGRTX),Large Blend,18.60%,28.92%,12.94%,17.79%,12.57%,7.96%,0.59%,0.59%,1292
FNORX,Fidelityï¿½Nordic Fund (FNORX),Miscellaneous Region,12.34%,28.71%,3.23%,15.32%,8.87%,10.60%,0.89%,0.89%,--
FBMPX,Fidelityï¿½Select Communication Services Portfolio (FBMPX),Communications,16.08%,28.59%,0.99%,13.96%,11.17%,12.60%,0.70%,0.70%,43
FLCSX,Fidelityï¿½Large Cap Stock Fund (FLCSX),Large Blend,18.46%,28.39%,12.48%,16.74%,11.78%,9.74%,0.79%,0.79%,1292
FWRLX,Fidelityï¿½Select Wireless Portfolio (FWRLX),Communications,14.62%,28.32%,1.68%,12.44%,10.67%,5.54%,0.73%,0.73%,43
FSUTX,Fidelityï¿½Select Utilities Portfolio (FSUTX),Utilities,23.72%,28.16%,11.35%,9.70%,9.53%,11.10%,0.69%,0.69%,58
FNCMX,Fidelityï¿½NASDAQ Composite Indexï¿½Fund (FNCMX),Large Growth,17.63%,27.48%,6.15%,18.36%,15.54%,12.38%,0.29%,0.29%,1083
FNILX,Fidelity ZEROï¿½Large Cap Index Fund (FNILX),Large Blend,18.34%,27.45%,8.81%,15.93%,--,13.71%,0.00%,0.00%,1292
FCAEX,Fidelityï¿½Climate Action Fund (FCAEX),Global Large-Stock Growth,20.22%,27.45%,3.74%,--,--,6.15%,1.05%,1.40%,323
FXAIX,Fidelityï¿½500 Index Fund (FXAIX),Large Blend,18.45%,27.12%,9.37%,15.90%,12.97%,11.00%,0.02%,0.02%,1292
FSAGX,Fidelityï¿½Select Gold Portfolio (FSAGX),Equity Precious Metals,26.77%,27.00%,1.77%,4.03%,2.93%,4.97%,0.70%,0.70%,64
FCPGX,Fidelityï¿½Small Cap Growth Fund (FCPGX),Small Growth,14.45%,26.68%,0.31%,11.21%,12.56%,11.62%,0.94%,0.94%,547
FITLX,Fidelityï¿½U.S. Sustainability Index Fund (FITLX),Large Blend,17.88%,26.33%,9.12%,16.06%,--,14.77%,0.11%,0.11%,1292
FZROX,Fidelity ZEROï¿½Total Market Index Fund (FZROX),Large Blend,16.91%,26.24%,7.98%,15.27%,--,13.17%,0.00%,0.00%,1292
FGRIX,Fidelityï¿½Growth & Income Portfolio (FGRIX),Large Blend,17.03%,26.21%,11.89%,15.87%,11.38%,10.48%,0.55%,0.55%,1292
FSKAX,Fidelityï¿½Total Market Index Fund (FSKAX),Large Blend,16.80%,26.20%,7.72%,15.09%,12.30%,8.88%,0.02%,0.02%,1292
FSHOX,Fidelityï¿½Select Construction and Housing Portfolio (FSHOX),Consumer Cyclical,16.64%,26.10%,11.66%,19.93%,15.34%,12.73%,0.71%,0.71%,48
FLVCX,Fidelityï¿½Leveraged Company Stock Fund (FLVCX),Large Blend,15.11%,25.73%,5.73%,15.61%,9.22%,12.18%,0.71%,0.71%,1292
FIGRX,Fidelityï¿½International Discovery Fund (FIGRX),Foreign Large Growth,15.62%,25.16%,-0.08%,8.87%,6.06%,7.54%,0.62%,0.62%,386
FIVFX,Fidelityï¿½International Capital Appreciation Fund (FIVFX),Foreign Large Growth,11.09%,24.93%,2.19%,9.56%,8.49%,7.22%,0.73%,0.73%,386
FSMVX,Fidelityï¿½Mid Cap Value Fund (FSMVX),Mid-Cap Value,10.72%,24.78%,9.37%,13.94%,8.36%,9.51%,0.87%,0.87%,375
FSEBX,Fidelityï¿½Sustainable U.S. Equity Fund (FSEBX),Large Blend,15.78%,24.45%,6.70%,--,--,8.69%,0.90%,1.30%,1292
FDSCX,Fidelityï¿½Stock Selector Small Cap Fund (FDSCX),Small Blend,11.92%,24.21%,5.82%,13.82%,10.49%,9.01%,0.92%,0.92%,569
FSLVX,Fidelityï¿½Stock Selector Large Cap Value Fund (FSLVX),Large Value,13.37%,23.50%,9.16%,12.73%,9.04%,7.56%,0.88%,0.88%,1089
FOSFX,Fidelityï¿½Overseas Fund (FOSFX),Foreign Large Growth,12.22%,23.49%,1.61%,9.65%,7.60%,9.62%,0.69%,0.69%,386
FEQIX,Fidelityï¿½Equity-Income Fund (FEQIX),Large Value,14.75%,23.40%,8.35%,12.49%,9.37%,11.28%,0.54%,0.54%,1089
FIVLX,Fidelityï¿½International Value Fund (FIVLX),Foreign Large Value,11.61%,23.36%,8.63%,10.85%,4.92%,3.42%,0.95%,0.95%,332
FSYRX,Fidelityï¿½Sustainable International Equity Fund (FSYRX),Foreign Large Blend,14.12%,23.16%,--,--,--,1.92%,1.05%,3.61%,--
FSLEX,Fidelityï¿½Environment and Alternative Energy Fund (FSLEX),Industrials,15.14%,23.03%,4.94%,14.03%,10.34%,5.91%,0.71%,0.71%,43
FDSSX,Fidelityï¿½Stock Selector All Cap Fund (FDSSX),Large Growth,13.05%,22.51%,6.25%,14.88%,11.68%,11.01%,0.44%,0.44%,1083
FEOPX,Fidelityï¿½Enduring Opportunities Fund (FEOPX),Global Large-Stock Growth,13.31%,22.29%,0.52%,--,--,11.15%,0.95%,1.38%,323
FFSFX,Fidelity Freedomï¿½2065 Fund (FFSFX),Target-Date 2065+,13.00%,22.18%,4.50%,11.55%,--,10.72%,0.75%,0.76%,139
FFFHX,Fidelity Freedomï¿½2050 Fund (FFFHX),Target-Date 2050,13.10%,22.17%,4.50%,11.59%,8.85%,7.20%,0.75%,0.75%,193
FDKVX,Fidelity Freedomï¿½2060 Fund (FDKVX),Target-Date 2060,13.01%,22.16%,4.49%,11.57%,8.83%,9.15%,0.75%,0.75%,190
FDEEX,Fidelity Freedomï¿½2055 Fund (FDEEX),Target-Date 2055,13.05%,22.14%,4.49%,11.58%,8.85%,9.07%,0.75%,0.75%,191
FFFGX,Fidelity Freedomï¿½2045 Fund (FFFGX),Target-Date 2045,12.98%,22.13%,4.48%,11.59%,8.85%,7.31%,0.75%,0.75%,192
FEQHX,Fidelityï¿½Hedged Equity Fund (FEQHX),Options Trading,14.44%,22.11%,--,--,--,13.85%,0.56%,0.62%,--
FIEUX,Fidelityï¿½Europe Fund (FIEUX),Europe Stock,11.85%,22.05%,-0.30%,8.47%,4.87%,8.02%,0.65%,0.65%,83
FAPHX,Fidelityï¿½Healthy Future Fund (FAPHX),Large Growth,17.59%,21.87%,--,--,--,13.75%,1.05%,2.72%,--
FGILX,Fidelityï¿½Global Equity Income Fund (FGILX),Global Large-Stock Blend,13.02%,21.60%,6.81%,12.45%,9.08%,10.22%,0.93%,0.93%,331
FHAOX,Fidelity Freedomï¿½Blend 2055 Fund (FHAOX),Target-Date 2055,12.51%,21.48%,4.03%,11.04%,--,9.21%,0.50%,0.50%,191
FHAPX,Fidelity Freedomï¿½Blend 2050 Fund (FHAPX),Target-Date 2050,12.52%,21.47%,4.04%,11.04%,--,9.20%,0.50%,0.50%,193
FHANX,Fidelity Freedomï¿½Blend 2060 Fund (FHANX),Target-Date 2060,12.49%,21.47%,4.01%,11.02%,--,9.20%,0.50%,0.50%,190
FHAQX,Fidelity Freedomï¿½Blend 2045 Fund (FHAQX),Target-Date 2045,12.51%,21.46%,4.04%,11.02%,--,9.20%,0.50%,0.50%,192
FFBSX,Fidelity Freedomï¿½Blend 2065 Fund (FFBSX),Target-Date 2065+,12.56%,21.42%,4.02%,11.05%,--,10.31%,0.50%,0.50%,139
FEQTX,Fidelityï¿½Equity Dividend Income Fund (FEQTX),Large Value,13.47%,21.34%,9.45%,12.25%,9.25%,10.13%,0.55%,0.55%,1089
FRAGX,#VALUE!,Aggressive Allocation,13.06%,21.16%,--,--,--,6.27%,0.03%,0.14%,--
FFOLX,Fidelity Freedomï¿½Index 2045 Fund Institutional Premium Class (FFOLX),Target-Date 2045,12.84%,21.15%,4.37%,10.63%,8.60%,9.69%,0.08%,0.08%,192
FFFFX,Fidelity Freedomï¿½2040 Fund (FFFFX),Target-Date 2040,12.47%,21.15%,4.11%,11.32%,8.73%,5.52%,0.73%,0.73%,195
FLCOX,Fidelityï¿½Large Cap Value Index Fund (FLCOX),Large Value,12.83%,21.13%,7.23%,11.16%,--,10.15%,0.04%,0.04%,1089
FFOPX,Fidelity Freedomï¿½Index 2050 Fund Institutional Premium Class (FFOPX),Target-Date 2050,12.82%,21.12%,4.36%,10.63%,8.60%,9.72%,0.08%,0.08%,193
FFLEX,Fidelity Freedomï¿½Index 2060 Fund Institutional Premium Class (FFLEX),Target-Date 2060,12.79%,21.11%,4.36%,10.63%,8.59%,8.88%,0.08%,0.08%,190
FFIKX,Fidelity Freedomï¿½Index 2065 Fund Institutional Premium Class (FFIKX),Target-Date 2065+,12.81%,21.10%,4.36%,10.64%,--,10.04%,0.09%,0.09%,139
FPURX,Fidelityï¿½Puritanï¿½Fund (FPURX),Moderate Allocation,14.43%,21.09%,5.95%,11.76%,9.42%,10.92%,0.47%,0.47%,683
FFLDX,Fidelity Freedomï¿½Index 2055 Fund Institutional Premium Class (FFLDX),Target-Date 2055,12.84%,21.09%,4.37%,10.62%,8.59%,8.89%,0.08%,0.08%,191
FDEWX,Fidelity Freedomï¿½Index 2055 Fund Investor Class (FDEWX),Target-Date 2055,12.78%,21.06%,4.33%,10.59%,8.55%,8.86%,0.12%,0.12%,191
FIOFX,Fidelity Freedomï¿½Index 2045 Fund Investor Class (FIOFX),Target-Date 2045,12.78%,21.06%,4.32%,10.59%,8.54%,9.66%,0.12%,0.12%,192
FDKLX,Fidelity Freedomï¿½Index 2060 Fund Investor Class (FDKLX),Target-Date 2060,12.78%,21.06%,4.32%,10.59%,8.55%,8.84%,0.12%,0.12%,190
FIPFX,Fidelity Freedomï¿½Index 2050 Fund Investor Class (FIPFX),Target-Date 2050,12.80%,21.05%,4.32%,10.59%,8.55%,9.69%,0.12%,0.12%,193
FFIJX,Fidelity Freedomï¿½Index 2065 Fund Investor Class (FFIJX),Target-Date 2065+,12.71%,21.05%,4.31%,10.59%,--,10.00%,0.13%,0.13%,139
FSZSX,Fidelityï¿½Sustainable Target Date 2060 Fund (FSZSX),Target-Date 2060,12.29%,21.04%,--,--,--,20.09%,0.50%,0.50%,--
FSZHX,Fidelityï¿½Sustainable Target Date 2055 Fund (FSZHX),Target-Date 2055,12.27%,21.00%,--,--,--,20.06%,0.50%,0.50%,--
FTGPX,Fidelityï¿½Sustainable Target Date 2065 Fund (FTGPX),Target-Date 2065+,12.26%,21.00%,--,--,--,20.06%,0.50%,0.50%,--
FSRPX,Fidelityï¿½Select Retailing Portfolio (FSRPX),Consumer Cyclical,13.27%,20.99%,0.56%,12.50%,14.51%,13.71%,0.66%,0.66%,48
FSYWX,Fidelityï¿½Sustainable Target Date 2050 Fund (FSYWX),Target-Date 2050,12.26%,20.98%,--,--,--,20.04%,0.50%,0.50%,--
FSYHX,Fidelityï¿½Sustainable Target Date 2045 Fund (FSYHX),Target-Date 2045,12.27%,20.90%,--,--,--,19.99%,0.50%,0.50%,--
FLPSX,Fidelityï¿½Low-Priced Stock Fund (FLPSX),Mid-Cap Value,7.69%,20.76%,7.46%,13.81%,9.24%,13.04%,0.91%,0.91%,375
FJPNX,Fidelityï¿½Japan Fund (FJPNX),Japan Stock,13.13%,20.70%,1.05%,8.39%,6.93%,4.65%,0.87%,0.87%,36
FHARX,Fidelity Freedomï¿½Blend 2040 Fund (FHARX),Target-Date 2040,12.04%,20.61%,3.66%,10.78%,--,9.02%,0.49%,0.49%,195
FRESX,Fidelityï¿½Real Estate Investment Portfolio (FRESX),Real Estate,14.61%,20.58%,0.34%,4.34%,6.48%,9.47%,0.67%,0.67%,224
FSLCX,Fidelityï¿½Small Cap Stock Fund (FSLCX),Small Blend,6.97%,20.55%,1.15%,8.92%,8.13%,8.63%,0.84%,0.84%,569
FSTCX,Fidelityï¿½Select Telecommunications Portfolio (FSTCX),Communications,16.60%,20.55%,-2.88%,4.46%,5.15%,9.13%,0.77%,0.77%,43
FDEGX,Fidelityï¿½Growth Strategies Fund (FDEGX),Mid-Cap Growth,11.73%,20.51%,0.59%,11.29%,10.61%,9.37%,0.70%,0.70%,510
FSMAX,Fidelityï¿½Extended Market Index Fund (FSMAX),Mid-Cap Blend,6.58%,20.46%,-0.65%,10.64%,8.91%,8.46%,0.04%,0.04%,403
FDIVX,Fidelityï¿½Diversified International Fund (FDIVX),Foreign Large Growth,11.74%,20.45%,0.78%,9.01%,6.15%,8.08%,0.62%,0.62%,386
FSRNX,Fidelityï¿½Real Estate Index Fund (FSRNX),Real Estate,12.81%,20.37%,-0.44%,2.84%,5.27%,7.28%,0.07%,0.07%,224
FFIZX,Fidelity Freedomï¿½Index 2040 Fund Institutional Premium Class (FFIZX),Target-Date 2040,12.33%,20.32%,4.01%,10.41%,8.49%,9.57%,0.08%,0.08%,195
FULVX,Fidelityï¿½U.S. Low Volatility Equity Fund (FULVX),Large Blend,14.89%,20.27%,4.66%,--,--,7.38%,0.64%,0.64%,1292
FBIFX,Fidelity Freedomï¿½Index 2040 Fund Investor Class (FBIFX),Target-Date 2040,12.31%,20.21%,3.97%,10.36%,8.44%,9.54%,0.12%,0.12%,195
FIMVX,Fidelityï¿½Mid Cap Value Index Fund (FIMVX),Mid-Cap Value,10.62%,20.17%,5.37%,10.70%,--,9.63%,0.06%,0.06%,375
FIGFX,Fidelityï¿½International Growth Fund (FIGFX),Foreign Large Growth,9.40%,20.17%,1.15%,9.28%,7.58%,5.55%,0.84%,0.84%,386
FFNOX,Fidelityï¿½Multi-Asset Index Fund (FFNOX),Moderately Aggressive Allocation,11.94%,20.16%,4.04%,10.43%,8.55%,6.44%,0.11%,0.13%,301
FSMDX,Fidelityï¿½Mid Cap Index Fund (FSMDX),Mid-Cap Blend,10.09%,20.15%,3.53%,11.24%,9.58%,12.37%,0.03%,0.03%,403
FSXVX,Fidelityï¿½Sustainable Target Date 2040 Fund (FSXVX),Target-Date 2040,11.84%,20.15%,--,--,--,19.15%,0.49%,0.49%,--
FCPVX,Fidelityï¿½Small Cap Value Fund (FCPVX),Small Value,5.76%,20.06%,5.96%,14.04%,9.58%,10.62%,1%,1%,451
FDVLX,Fidelityï¿½Value Fund (FDVLX),Mid-Cap Value,6.34%,19.98%,8.18%,15.40%,9.38%,12.02%,0.84%,0.84%,375
FWOMX,Fidelityï¿½Women's Leadership Fund (FWOMX),Large Blend,10.86%,19.90%,3.02%,11.92%,--,11.51%,0.69%,0.69%,1292
FSPSX,Fidelityï¿½International Index Fund (FSPSX),Foreign Large Blend,9.95%,19.86%,4.33%,8.83%,5.37%,5.40%,0.04%,0.04%,672
FBALX,Fidelityï¿½Balanced Fund (FBALX),Moderate Allocation,13.32%,19.85%,5.26%,12.07%,9.56%,9.55%,0.47%,0.47%,683
FTIEX,Fidelityï¿½Total International Equity Fund (FTIEX),Foreign Large Blend,9.69%,19.42%,2.60%,9.69%,6.49%,3.66%,0.95%,1.04%,672
FAMRX,Fidelity Asset Managerï¿½85% (FAMRX),Aggressive Allocation,11.25%,19.40%,3.42%,10.85%,8.48%,6.93%,0.67%,0.67%,182
FISVX,Fidelityï¿½Small Cap Value Index Fund (FISVX),Small Value,4.61%,19.21%,3.08%,10.34%,--,9.02%,0.05%,0.05%,451
FMDGX,Fidelityï¿½Mid Cap Growth Index Fund (FMDGX),Mid-Cap Growth,8.06%,19.03%,-0.46%,10.35%,--,9.67%,0.05%,0.05%,510
FFTHX,Fidelity Freedomï¿½2035 Fund (FFTHX),Target-Date 2035,11.22%,18.86%,3.06%,9.93%,8.09%,7.45%,0.69%,0.69%,192
FNIDX,Fidelityï¿½International Sustainability Index Fund (FNIDX),Foreign Large Blend,10.26%,18.65%,0.76%,7.27%,--,5.73%,0.20%,0.20%,672
FYMRX,Fidelityï¿½Sustainable Multi-Asset Fund (FYMRX),Moderate Allocation,11.85%,18.65%,--,--,--,3.80%,0.50%,0.55%,--
FSEAX,Fidelityï¿½Emerging Asia Fund (FSEAX),Pacific/Asia ex-Japan Stk,11.36%,18.63%,-8.17%,8.15%,6.99%,7.52%,0.84%,0.84%,43
FRGAX,Growth Allocation Fund (FRGAX),Moderately Aggressive Allocation,11.51%,18.59%,--,--,--,5.20%,0.03%,0.14%,--
FSCOX,Fidelityï¿½International Small Cap Opportunities Fund (FSCOX),Foreign Small/Mid Growth,7.36%,18.57%,-3.52%,7.82%,6.92%,6.76%,0.91%,0.91%,116
FSSNX,Fidelityï¿½Small Cap Index Fund (FSSNX),Small Blend,6.09%,18.55%,0.72%,9.78%,8.18%,10.99%,0.03%,0.03%,569
FZILX,Fidelity ZEROï¿½International Index Fund (FZILX),Foreign Large Blend,9.39%,18.44%,2.36%,7.89%,--,5.74%,0.00%,0.00%,672
FHASX,Fidelity Freedomï¿½Blend 2035 Fund (FHASX),Target-Date 2035,10.84%,18.28%,2.64%,9.40%,--,8.03%,0.48%,0.48%,192
FSGGX,Fidelityï¿½Global ex U.S. Index Fund (FSGGX),Foreign Large Blend,9.30%,18.20%,2.21%,7.62%,4.46%,5.84%,0.06%,0.06%,672
FICDX,Fidelityï¿½Canada Fund (FICDX),Miscellaneous Region,9.80%,18.10%,8.01%,10.94%,5.60%,9.08%,1%,1%,--
FFEZX,Fidelity Freedomï¿½Index 2035 Fund Institutional Premium Class (FFEZX),Target-Date 2035,11.07%,18.03%,2.98%,9.08%,7.85%,9.10%,0.08%,0.08%,192
FIHFX,Fidelity Freedomï¿½Index 2035 Fund Investor Class (FIHFX),Target-Date 2035,11.01%,17.98%,2.95%,9.04%,7.80%,9.07%,0.12%,0.12%,192
FBCVX,Fidelityï¿½Blue Chip Value Fund (FBCVX),Large Value,8.04%,17.90%,7.96%,9.95%,7.71%,7.03%,0.86%,0.86%,1089
FTIHX,Fidelityï¿½Total International Index Fund (FTIHX),Foreign Large Blend,8.97%,17.80%,1.82%,7.65%,--,6.83%,0.06%,0.06%,672
FECGX,Fidelityï¿½Small Cap Growth Index Fund (FECGX),Small Growth,7.66%,17.80%,-1.90%,8.43%,--,7.51%,0.05%,0.05%,547
FSXKX,Fidelityï¿½Sustainable Target Date 2035 Fund (FSXKX),Target-Date 2035,10.49%,17.78%,--,--,--,16.41%,0.48%,0.48%,--
FLOWX,Fidelityï¿½Water Sustainability Fund (FLOWX),Natural Resources,9.10%,17.76%,3.71%,--,--,15.27%,0.93%,0.93%,109
FZIPX,Fidelity ZEROï¿½Extended Market Index Fund (FZIPX),Small Blend,6.04%,17.75%,2.40%,10.80%,--,7.68%,0.00%,0.00%,569
FSSMX,Fidelityï¿½Stock Selector Mid Cap Fund (FSSMX),Mid-Cap Blend,7.17%,17.55%,4.78%,11.41%,9.26%,10.53%,0.65%,0.65%,403
FSPHX,Fidelityï¿½Select Health Care Portfolio (FSPHX),Health,13.88%,17.51%,0.73%,11.07%,9.96%,14.97%,0.65%,0.65%,160
FSLSX,Fidelityï¿½Value Strategies Fund (FSLSX),Mid-Cap Value,5.01%,17.36%,8.77%,14.95%,9.54%,11.52%,0.84%,0.84%,375
FMCSX,Fidelityï¿½Mid-Cap Stock Fund (FMCSX),Mid-Cap Blend,8.83%,17.35%,6.89%,12.51%,9.95%,11.37%,0.79%,0.79%,403
FNSTX,Fidelityï¿½Infrastructure Fund (FNSTX),Infrastructure,13.20%,17.30%,4.58%,--,--,7.79%,0.95%,1.03%,92
FDLSX,Fidelityï¿½Select Leisure Portfolio (FDLSX),Consumer Cyclical,8.52%,17.28%,8.41%,11.54%,11.96%,13.62%,0.70%,0.70%,48
FSDIX,Fidelityï¿½Strategic Dividend & Incomeï¿½Fund (FSDIX),Moderately Aggressive Allocation,12.00%,17.24%,4.64%,9.29%,8.13%,7.93%,0.66%,0.66%,301
FASGX,Fidelity Asset Managerï¿½70% (FASGX),Moderately Aggressive Allocation,10.01%,17.14%,2.76%,9.17%,7.38%,7.91%,0.65%,0.65%,301
FPBFX,Fidelityï¿½Pacific Basin Fund (FPBFX),Diversified Pacific/Asia,10.00%,17.10%,-1.36%,8.41%,7.50%,7.26%,1.03%,1.03%,10
FSVLX,Fidelity Select FinTech Portfolio (FSVLX),Financial,8.06%,17.06%,-4.72%,5.21%,7.30%,8.53%,0.76%,0.76%,95
FFFEX,Fidelity Freedomï¿½2030 Fund (FFFEX),Target-Date 2030,10.10%,16.82%,2.12%,8.17%,7.11%,7.05%,0.65%,0.65%,200
FVDFX,Fidelityï¿½Value Discovery Fund (FVDFX),Large Value,9.29%,16.45%,5.48%,11.15%,8.35%,9.48%,0.69%,0.69%,1089
FHATX,Fidelity Freedomï¿½Blend 2030 Fund (FHATX),Target-Date 2030,9.76%,16.41%,1.75%,7.68%,--,6.84%,0.46%,0.46%,200
FFEGX,Fidelity Freedomï¿½Index 2030 Fund Institutional Premium Class (FFEGX),Target-Date 2030,9.98%,16.20%,2.14%,7.49%,6.87%,8.21%,0.08%,0.08%,200
FISMX,Fidelityï¿½International Small Cap Fund (FISMX),Foreign Small/Mid Blend,5.93%,16.18%,2.00%,8.82%,6.99%,11.44%,1.01%,1.01%,88
FXIFX,Fidelity Freedomï¿½Index 2030 Fund Investor Class (FXIFX),Target-Date 2030,9.96%,16.15%,2.08%,7.44%,6.82%,8.17%,0.12%,0.12%,200
FNMIX,Fidelityï¿½New Markets Income Fund (FNMIX),Emerging Markets Bond,7.12%,16.09%,0.20%,1.87%,2.56%,8.63%,0.79%,0.79%,230
FSXAX,Fidelityï¿½Sustainable Target Date 2030 Fund (FSXAX),Target-Date 2030,9.49%,15.97%,--,--,--,14.02%,0.46%,0.46%,--
FSANX,Fidelity Asset Managerï¿½60% (FSANX),Moderate Allocation,9.31%,15.79%,2.15%,7.97%,6.64%,5.97%,0.66%,0.66%,683
FFTWX,Fidelity Freedomï¿½2025 Fund (FFTWX),Target-Date 2025,9.42%,15.65%,1.55%,7.12%,6.33%,6.51%,0.61%,0.61%,198
FJSCX,Fidelityï¿½Japan Smaller Companies Fund (FJSCX),Japan Stock,11.55%,15.53%,2.54%,5.38%,6.31%,5.53%,0.87%,0.87%,36
FSCPX,Fidelityï¿½Select Consumer Discretionary Portfolio (FSCPX),Consumer Cyclical,7.49%,15.44%,0.96%,11.02%,11.21%,10.47%,0.70%,0.70%,48
FRYBX,#VALUE!,Moderate Allocation,9.57%,15.27%,--,--,--,3.65%,0.03%,0.14%,--
FHAUX,Fidelity Freedomï¿½Blend 2025 Fund (FHAUX),Target-Date 2025,9.16%,15.24%,1.18%,6.65%,--,6.13%,0.45%,0.45%,198
FQIFX,Fidelity Freedomï¿½Index 2025 Fund Investor Class (FQIFX),Target-Date 2025,9.38%,15.08%,1.55%,6.50%,6.05%,7.48%,0.12%,0.12%,198
FFEDX,Fidelity Freedomï¿½Index 2025 Fund Institutional Premium Class (FFEDX),Target-Date 2025,9.45%,15.06%,1.59%,6.54%,6.09%,7.51%,0.08%,0.08%,198
FSYJX,Fidelityï¿½Sustainable Emerging Markets Equity Fund (FSYJX),Diversified Emerging Mkts,7.08%,14.88%,--,--,--,-3.56%,1.25%,6.03%,--
FSWOX,Fidelityï¿½Sustainable Target Date 2025 Fund (FSWOX),Target-Date 2025,8.82%,14.82%,--,--,--,12.65%,0.45%,0.45%,--
FMRTX,#VALUE!,Target-Date 2035,8.89%,14.75%,--,--,--,12.00%,0.48%,0.48%,--
FSCRX,Fidelityï¿½Small Cap Discovery Fund (FSCRX),Small Blend,1.99%,14.69%,4.39%,11.79%,8.17%,10.37%,1.03%,1.03%,569
FEMKX,Fidelityï¿½Emerging Markets Fund (FEMKX),Diversified Emerging Mkts,8.11%,14.67%,-3.72%,6.99%,5.60%,5.45%,0.87%,0.87%,712
FASMX,Fidelity Asset Managerï¿½50% (FASMX),Moderate Allocation,8.59%,14.40%,1.78%,6.89%,5.91%,7.76%,0.57%,0.57%,683
FHKCX,Fidelityï¿½China Region Fund (FHKCX),China Region,12.56%,14.39%,-6.93%,5.26%,5.52%,8.31%,0.92%,0.92%,98
FFFDX,Fidelity Freedomï¿½2020 Fund (FFFDX),Target-Date 2020,8.70%,14.34%,1.11%,6.30%,5.82%,6.60%,0.56%,0.56%,136
FPADX,Fidelityï¿½Emerging Markets Index Fund (FPADX),Diversified Emerging Mkts,7.16%,14.00%,-3.36%,4.43%,2.40%,2.77%,0.08%,0.08%,712
FGBFX,Fidelityï¿½Global Credit Fund (FGBFX),Global Bond-USD Hedged,9.18%,13.97%,-3.00%,0.07%,1.22%,1.33%,0.50%,0.50%,104
FHAVX,Fidelity Freedomï¿½Blend 2020 Fund (FHAVX),Target-Date 2020,8.43%,13.89%,0.75%,5.83%,--,5.52%,0.43%,0.43%,136
FMRAX,#VALUE!,Target-Date 2030,8.46%,13.85%,0.82%,6.15%,--,6.28%,0.48%,0.48%,200
FIWTX,Fidelity Freedomï¿½Index 2020 Fund Institutional Premium Class (FIWTX),Target-Date 2020,8.66%,13.84%,1.17%,5.78%,5.58%,6.80%,0.08%,0.08%,136
FAPSX,Fidelityï¿½Risk Parity Fund (FAPSX),Large Blend,8.46%,13.83%,--,--,--,6.42%,0.74%,0.84%,--
FPIFX,Fidelity Freedomï¿½Index 2020 Fund Investor Class (FPIFX),Target-Date 2020,8.63%,13.78%,1.11%,5.74%,5.53%,6.77%,0.12%,0.12%,136
FRIFX,Fidelityï¿½Real Estate Income Fund (FRIFX),Moderate Allocation,9.98%,13.73%,1.18%,4.15%,5.49%,6.94%,0.68%,0.68%,683
FSWDX,Fidelityï¿½Sustainable Target Date 2020 Fund (FSWDX),Target-Date 2020,8.21%,13.59%,--,--,--,11.31%,0.43%,0.43%,--
FSHCX,Fidelityï¿½Select Health Care Services Portfolio (FSHCX),Health,2.86%,13.20%,5.16%,12.99%,11.41%,11.98%,0.68%,0.68%,160
FIXRX,#VALUE!,Target-Date 2025,7.92%,13.10%,0.63%,5.63%,5.42%,5.51%,0.47%,0.47%,198
FFANX,Fidelity Asset Managerï¿½40% (FFANX),Moderately Conservative Allocation,7.79%,12.98%,1.48%,5.84%,5.21%,5.01%,0.52%,0.52%,438
FAGIX,Fidelityï¿½Capital & Income Fund (FAGIX),High Yield Bond,7.15%,12.82%,3.27%,6.95%,6.08%,9.38%,0.97%,0.99%,603
SPHIX,Fidelityï¿½High Income Fund (SPHIX),High Yield Bond,7.67%,12.81%,1.68%,2.83%,3.73%,7.65%,0.88%,0.88%,603
FFVFX,Fidelity Freedomï¿½2015 Fund (FFVFX),Target-Date 2015,7.71%,12.78%,0.82%,5.40%,5.24%,5.70%,0.52%,0.52%,105
FMSDX,Fidelityï¿½Multi-Asset Income Fund (FMSDX),Moderately Conservative Allocation,8.32%,12.68%,2.71%,9.13%,--,8.28%,0.80%,0.80%,438
FHAWX,Fidelity Freedomï¿½Blend 2015 Fund (FHAWX),Target-Date 2015,7.50%,12.46%,0.50%,4.96%,--,4.87%,0.42%,0.42%,105
FLIFX,Fidelity Freedomï¿½Index 2015 Fund Investor Class (FLIFX),Target-Date 2015,7.71%,12.37%,0.90%,4.92%,4.97%,6.13%,0.12%,0.12%,105
FIWFX,Fidelity Freedomï¿½Index 2015 Fund Institutional Premium Class (FIWFX),Target-Date 2015,7.80%,12.36%,0.91%,4.96%,5.01%,6.15%,0.08%,0.08%,105
FBSOX,Fidelityï¿½Select Enterprise Technology Services Portfolio (FBSOX),Technology,4.96%,12.33%,-5.69%,5.05%,12.39%,11.93%,0.68%,0.68%,231
FSCSX,Fidelityï¿½Select Software and IT Services Portfolio (FSCSX),Technology,-0.71%,12.31%,1.74%,14.88%,16.79%,15.94%,0.64%,0.64%,231
FSVNX,Fidelityï¿½Sustainable Target Date 2015 Fund (FSVNX),Target-Date 2015,7.38%,12.19%,--,--,--,9.76%,0.42%,0.42%,--
FIRVX,#VALUE!,Target-Date 2020,7.31%,12.01%,0.42%,4.95%,5.00%,5.12%,0.47%,0.47%,136
FMWIX,Moderate with Income Allocation Fund (FMWIX),Moderately Conservative Allocation,7.62%,11.89%,--,--,--,2.22%,0.03%,0.14%,--
FHSNX,Fidelityï¿½Health Savings Index Fund (FHSNX),Moderately Conservative Allocation,7.60%,11.86%,-0.06%,--,--,3.18%,0.20%,0.25%,438
FHLKX,Fidelityï¿½Health Savings Fund Class K (FHLKX),Moderately Conservative Allocation,7.20%,11.76%,0.12%,--,--,3.64%,0.38%,0.38%,438
FHLSX,Fidelityï¿½Health Savings Fund (FHLSX),Moderately Conservative Allocation,7.21%,11.63%,0.00%,--,--,3.53%,0.48%,0.48%,438
FEDDX,Fidelityï¿½Emerging Markets Discovery Fund (FEDDX),Diversified Emerging Mkts,0.55%,11.61%,0.66%,8.66%,4.99%,6.51%,1.01%,1.01%,712
FTANX,Fidelity Asset Managerï¿½30% (FTANX),Moderately Conservative Allocation,7.00%,11.43%,1.05%,4.63%,4.38%,4.44%,0.51%,0.51%,438
FFFCX,Fidelity Freedomï¿½2010 Fund (FFFCX),Target-Date 2000-2010,6.77%,11.13%,0.48%,4.42%,4.56%,6.03%,0.48%,0.48%,87
FIRSX,#VALUE!,Target-Date 2015,6.70%,10.96%,0.23%,4.16%,4.51%,4.92%,0.46%,0.46%,105
FFWTX,Fidelity Freedomï¿½Index 2010 Fund Institutional Premium Class (FFWTX),Target-Date 2000-2010,6.92%,10.95%,0.67%,4.09%,4.36%,5.59%,0.08%,0.08%,87
FKIFX,Fidelity Freedomï¿½Index 2010 Fund Investor Class (FKIFX),Target-Date 2000-2010,6.83%,10.90%,0.62%,4.04%,4.31%,5.56%,0.12%,0.12%,87
FSRFX,Fidelityï¿½Select Transportation Portfolio (FSRFX),Industrials,3.11%,10.88%,6.94%,11.61%,9.44%,12.20%,0.70%,0.70%,43
FHIFX,Fidelityï¿½Focused High Income Fund (FHIFX),High Yield Bond,5.67%,10.86%,1.19%,2.70%,3.60%,4.99%,0.75%,0.76%,603
FHAYX,Fidelity Freedomï¿½Blend 2010 Fund (FHAYX),Target-Date 2000-2010,6.58%,10.86%,0.18%,4.00%,--,4.16%,0.41%,0.41%,87
FSCHX,Fidelityï¿½Select Chemicals Portfolio (FSCHX),Natural Resources,2.09%,10.77%,4.32%,11.59%,6.59%,12.51%,0.70%,0.70%,109
FSUYX,Fidelityï¿½Sustainable Target Date 2010 Fund (FSUYX),Target-Date 2000-2010,6.49%,10.70%,--,--,--,8.24%,0.41%,0.41%,--
FADMX,Fidelityï¿½Strategic Income Fund (FADMX),Multisector Bond,6.21%,10.57%,0.88%,3.17%,3.43%,6.66%,0.66%,0.66%,322
FSAHX,Fidelityï¿½Short Duration High Income Fund (FSAHX),High Yield Bond,6.13%,10.43%,3.24%,3.58%,3.34%,3.38%,0.71%,0.71%,603
FCVSX,Fidelityï¿½Convertible Securities Fund (FCVSX),Convertibles,5.86%,10.28%,0.39%,11.20%,7.81%,10.40%,0.71%,0.71%,74
FNARX,Fidelityï¿½Natural Resources Fund (FNARX),Equity Energy,7.30%,9.92%,24.62%,15.80%,2.80%,7.80%,0.71%,0.71%,73
FIRQX,#VALUE!,Target-Date 2000-2010,6.07%,9.89%,0.02%,3.32%,3.96%,4.59%,0.45%,0.45%,87
FCBFX,Fidelityï¿½Corporate Bond Fund (FCBFX),Corporate Bond,5.88%,9.89%,-2.12%,0.78%,2.68%,4.10%,0.45%,0.45%,178
FASIX,Fidelity Asset Managerï¿½20% (FASIX),Conservative Allocation,6.12%,9.88%,0.88%,3.47%,3.48%,5.48%,0.49%,0.49%,137
FFFAX,Fidelity Freedomï¿½Income Fund (FFFAX),Target-Date Retirement,6.03%,9.80%,0.28%,3.07%,3.41%,4.49%,0.47%,0.47%,143
FSMEX,Fidelityï¿½Select Medical Technology and Devices Portfolio (FSMEX),Health,11.46%,9.77%,-6.26%,8.12%,12.86%,13.34%,0.65%,0.65%,160
FFGZX,Fidelity Freedomï¿½Index Income Fund Institutional Premium Class (FFGZX),Target-Date Retirement,6.23%,9.73%,0.56%,2.92%,3.24%,3.68%,0.08%,0.08%,143
FIKFX,Fidelity Freedomï¿½Index Income Fund Investor Class (FIKFX),Target-Date Retirement,6.18%,9.67%,0.52%,2.89%,3.20%,3.65%,0.12%,0.12%,143
FIRMX,#VALUE!,Target-Date Retirement,5.89%,9.63%,0.06%,2.76%,3.19%,3.88%,0.45%,0.45%,143
FHBZX,Fidelity Freedomï¿½Blend Income Fund (FHBZX),Target-Date Retirement,5.80%,9.51%,0.02%,2.74%,--,3.25%,0.41%,0.41%,143
FMSMX,Fidelityï¿½Multi-Strategy Credit Fund Class I (FMSMX),--,5.15%,9.38%,--,--,--,8.76%,3.40%,4.52%,--
FSUDX,Fidelityï¿½Sustainable Target Date Income Fund (FSUDX),Target-Date Retirement,5.69%,9.33%,--,--,--,6.83%,0.41%,0.41%,--
FFRHX,Fidelityï¿½Floating Rate High Income Fund (FFRHX),Bank Loan,5.32%,8.82%,6.14%,5.30%,4.33%,4.39%,0.75%,0.75%,210
FDFAX,Fidelityï¿½Select Consumer Staples Portfolio (FDFAX),Consumer Defensive,10.28%,8.54%,5.84%,9.06%,7.13%,11.79%,0.69%,0.69%,25
FTBFX,Fidelityï¿½Total Bond Fund (FTBFX),Intermediate Core-Plus Bond,5.55%,8.52%,-1.19%,1.23%,2.47%,4.12%,0.45%,0.45%,556
FBAGX,Fidelityï¿½Tactical Bond Fund (FBAGX),Multisector Bond,5.12%,7.86%,--,--,--,0.19%,0.70%,1.06%,--
FBNDX,Fidelityï¿½Investment Grade Bond Fund (FBNDX),Intermediate Core Bond,5.04%,7.83%,-1.81%,0.77%,2.11%,6.25%,0.45%,0.45%,413
FJRLX,Fidelityï¿½Limited Term Bond Fund (FJRLX),Short-Term Bond,5.12%,7.80%,1.07%,1.74%,1.98%,5.67%,0.30%,0.30%,525
FMSFX,Fidelityï¿½Mortgage Securities Fund (FMSFX),Intermediate Government,4.98%,7.70%,-1.93%,-0.21%,1.25%,5.40%,0.45%,0.45%,228
FIREX,Fidelityï¿½International Real Estate Fund (FIREX),Global Real Estate,3.70%,7.67%,-8.72%,0.12%,2.96%,4.74%,0.88%,0.88%,178
FIAEX,Fidelityï¿½Sustainable Core Plus Bond Fund (FIAEX),Intermediate Core-Plus Bond,4.98%,7.63%,--,--,--,1.15%,0.45%,0.45%,--
FFEBX,Fidelityï¿½Environmental Bond Fund (FFEBX),Intermediate Core-Plus Bond,4.95%,7.57%,-2.38%,--,--,-1.87%,0.45%,0.45%,556
FSRRX,Fidelityï¿½Strategic Real Return Fund (FSRRX),Moderately Conservative Allocation,5.56%,7.49%,3.32%,5.54%,3.17%,3.50%,0.70%,0.77%,438
FGMNX,Fidelityï¿½GNMA Fund (FGMNX),Intermediate Government,4.70%,7.37%,-1.44%,-0.03%,1.14%,5.22%,0.45%,0.45%,228
FTHRX,Fidelityï¿½Intermediate Bond Fund (FTHRX),Intermediate Core Bond,4.88%,7.29%,-0.39%,1.14%,1.93%,6.44%,0.45%,0.45%,413
FXNAX,Fidelityï¿½U.S. Bond Index Fund (FXNAX),Intermediate Core Bond,4.81%,7.21%,-2.13%,-0.07%,1.61%,5.09%,0.03%,0.03%,413
FMBAX,Fidelityï¿½Municipal Core Plus Bond Fund (FMBAX),Muni National Interm,2.80%,7.07%,--,--,--,5.51%,0.37%,1.02%,--
FNDSX,Fidelityï¿½Sustainability Bond Index Fund (FNDSX),Intermediate Core Bond,4.74%,7.06%,-2.15%,-0.15%,--,1.56%,0.10%,0.10%,413
FTABX,Fidelityï¿½Tax-Free Bond Fund (FTABX),Muni National Long,2.69%,6.86%,-0.53%,1.14%,2.70%,4.26%,0.25%,0.44%,164
FTFMX,Fidelityï¿½New York Municipal Income Fund (FTFMX),Muni New York Long,2.53%,6.86%,-0.64%,0.82%,2.33%,5.74%,0.45%,0.45%,82
FNJHX,Fidelityï¿½New Jersey Municipal Income Fund (FNJHX),Muni New Jersey,2.33%,6.83%,-0.15%,1.35%,2.77%,5.19%,0.45%,0.45%,47
FHIGX,Fidelityï¿½Municipal Income Fund (FHIGX),Muni National Long,2.74%,6.82%,-0.67%,1.03%,2.63%,5.70%,0.44%,0.44%,164
FSAZX,Fidelityï¿½Arizona Municipal Income Fund (FSAZX),Muni Single State Long,2.71%,6.78%,-0.48%,0.82%,2.29%,4.38%,0.55%,0.55%,167
FSHBX,Fidelityï¿½Short-Term Bond Fund (FSHBX),Short-Term Bond,4.51%,6.73%,1.52%,1.77%,1.70%,3.90%,0.30%,0.30%,525
FPXTX,Fidelityï¿½Pennsylvania Municipal Income Fund (FPXTX),Muni Pennsylvania,2.38%,6.73%,-0.75%,0.75%,2.31%,5.03%,0.47%,0.47%,50
FNSOX,Fidelityï¿½Short-Term Bond Index Fund (FNSOX),Short-Term Bond,4.53%,6.68%,0.55%,1.27%,--,1.74%,0.03%,0.03%,525
FMHTX,Fidelityï¿½Michigan Municipal Income Fund (FMHTX),Muni Single State Long,2.69%,6.66%,-0.62%,0.88%,2.34%,5.23%,0.46%,0.46%,167
FBIIX,Fidelityï¿½International Bond Index Fund (FBIIX),Global Bond-USD Hedged,3.67%,6.64%,-0.97%,--,--,-0.06%,0.06%,0.06%,104
FCTFX,Fidelityï¿½California Municipal Income Fund (FCTFX),Muni California Long,2.81%,6.59%,-0.36%,0.92%,2.43%,5.61%,0.43%,0.43%,102
FUAMX,Fidelityï¿½Intermediate Treasury Bond Index Fund (FUAMX),Intermediate Government,4.95%,6.56%,-2.67%,-0.53%,1.38%,3.29%,0.03%,0.03%,228
FSIKX,Fidelityï¿½Sustainable Intermediate Municipal Income Fund (FSIKX),Muni National Interm,2.25%,6.43%,--,--,--,3.65%,0.37%,1.59%,--
FGOVX,Fidelityï¿½Government Income Fund (FGOVX),Intermediate Government,4.45%,6.36%,-2.56%,-0.71%,0.96%,6.05%,0.45%,0.45%,228
FOHFX,Fidelityï¿½Ohio Municipal Income Fund (FOHFX),Muni Ohio,2.74%,6.32%,-0.60%,0.75%,2.35%,5.29%,0.46%,0.46%,24
FUMBX,Fidelityï¿½Short-Term Treasury Bond Index Fund (FUMBX),Short Government,4.13%,6.22%,0.27%,0.98%,1.31%,2.22%,0.03%,0.03%,90
SMDMX,Fidelityï¿½Maryland Municipal Income Fund (SMDMX),Muni Single State Long,2.16%,6.22%,-0.68%,0.68%,2.13%,4.01%,0.55%,0.55%,167
FICNX,Fidelityï¿½Connecticut Municipal Income Fund (FICNX),Muni Single State Long,1.92%,6.13%,-0.49%,0.90%,2.16%,4.93%,0.46%,0.46%,167
FDMMX,Fidelityï¿½Massachusetts Municipal Income Fund (FDMMX),Muni Massachusetts,2.40%,6.12%,-0.71%,0.65%,2.12%,5.63%,0.45%,0.45%,40
FIPDX,Fidelityï¿½Inflation-Protected Bond Index Fund (FIPDX),Inflation-Protected Bond,4.69%,6.12%,-1.34%,2.00%,2.07%,1.72%,0.05%,0.05%,142
FMBIX,Fidelityï¿½Municipal Bond Index Fund (FMBIX),Muni National Interm,2.11%,5.94%,-0.94%,0.22%,--,0.51%,0.07%,0.07%,265
FSTGX,Fidelityï¿½Intermediate Government Income Fund (FSTGX),Intermediate Government,4.20%,5.94%,-1.14%,0.08%,1.01%,4.33%,0.45%,0.45%,228
FFGCX,Fidelityï¿½Global Commodity Stock Fund (FFGCX),Natural Resources,2.80%,5.93%,9.95%,13.21%,4.65%,6.16%,0.86%,0.86%,109
FFXSX,Fidelityï¿½Limited Term Government Fund (FFXSX),Short Government,3.96%,5.93%,-0.10%,0.58%,0.99%,4.12%,0.30%,0.30%,90
FCNVX,Fidelityï¿½Conservative Income Bond Fund (FCNVX),Ultrashort Bond,3.94%,5.81%,3.53%,2.52%,1.95%,1.63%,0.25%,0.30%,204
FAPGX,Fidelityï¿½Sustainable Low Duration Bond Fund (FAPGX),Ultrashort Bond,3.93%,5.79%,--,--,--,4.10%,0.25%,0.30%,--
FIMIX,Fidelityï¿½Minnesota Municipal Income Fund (FIMIX),Muni Minnesota,2.20%,5.73%,-0.52%,0.71%,2.03%,4.81%,0.47%,0.47%,41
FLTMX,Fidelityï¿½Intermediate Municipal Income Fund (FLTMX),Muni National Interm,2.13%,5.53%,0.05%,1.17%,2.13%,5.01%,0.36%,0.36%,265
FNSXX,Fidelityï¿½Investments Money Market - Money Market Portfolio - Institutional Class (FNSXX),Prime Money Market,3.79%,5.48%,3.49%,2.33%,1.72%,3.53%,0.14%,0.18%,--
FMPXX,Fidelityï¿½Investments Money Market - Money Market Portfolio - Class I (FMPXX),Prime Money Market,3.76%,5.43%,3.45%,2.29%,1.68%,3.51%,0.18%,0.21%,--
FRGXX,Fidelityï¿½Investments Money Market Government Portfolio - Institutional Class (FRGXX),Money Market-Taxable,3.74%,5.40%,3.37%,2.21%,1.54%,3.37%,0.14%,0.18%,--
FRBXX,Fidelityï¿½Investments Money Market Treasury Portfolio - Institutional Class (FRBXX),Money Market-Taxable,3.72%,5.38%,3.38%,2.21%,1.53%,3.13%,0.14%,0.18%,--
FRSXX,Fidelityï¿½Investments Money Market Treasury Only - Institutional Class (FRSXX),Money Market-Taxable,3.72%,5.38%,3.30%,2.17%,1.50%,2.56%,0.14%,0.18%,--
FIGXX,Fidelityï¿½Investments Money Market Government Portfolio Class I (FIGXX),Money Market-Taxable,3.71%,5.36%,3.34%,2.18%,1.51%,3.37%,0.18%,0.21%,--
FISXX,Fidelityï¿½Investments Money Market Treasury Portfolio - Class I (FISXX),Money Market-Taxable,3.70%,5.34%,3.35%,2.18%,1.51%,3.13%,0.18%,0.21%,--
FSIXX,Fidelityï¿½Investments Money Market Treasury Only Class I (FSIXX),Money Market-Taxable,3.69%,5.34%,3.27%,2.14%,1.47%,2.55%,0.18%,0.21%,--
FZDXX,Fidelityï¿½Money Market Fund Premium Class (FZDXX),Prime Money Market,3.67%,5.31%,3.35%,2.20%,1.59%,3.00%,0.30%,0.36%,--
FZCXX,Fidelityï¿½Government Money Market Fund Premium Class (FZCXX),Money Market-Taxable,3.61%,5.21%,3.22%,2.09%,1.41%,2.68%,0.32%,0.36%,--
SPRXX,Fidelityï¿½Money Market Fund (SPRXX),Prime Money Market,3.59%,5.18%,3.25%,2.12%,1.51%,2.97%,0.42%,0.42%,--
FDRXX,Fidelityï¿½Government Cash Reserves (FDRXX),Money Market-Taxable,3.55%,5.12%,3.16%,2.05%,1.38%,4.37%,0.38%,0.38%,--
SPAXX,Fidelityï¿½Government Money Market Fund (SPAXX),Money Market-Taxable,3.53%,5.10%,3.14%,2.03%,1.35%,2.66%,0.42%,0.42%,--
FZFXX,Fidelityï¿½Treasury Money Market Fund (FZFXX),Money Market-Taxable,3.52%,5.09%,3.14%,2.03%,1.35%,3.24%,0.42%,0.42%,--
FDLXX,Fidelityï¿½Treasury Only Money Market Fund (FDLXX),Money Market-Taxable,3.52%,5.09%,3.08%,1.99%,1.32%,2.78%,0.42%,0.42%,--
FSTFX,Fidelityï¿½Limited Term Municipal Income Fund (FSTFX),Muni National Short,2.56%,4.96%,0.35%,1.03%,1.36%,3.38%,0.29%,0.29%,207
FNBGX,Fidelityï¿½Long-Term Treasury Bond Index Fund (FNBGX),Long Government,4.54%,4.78%,-9.86%,-5.22%,0.62%,3.63%,0.03%,0.03%,36
FSENX,Fidelityï¿½Select Energy Portfolio (FSENX),Equity Energy,1.78%,4.60%,29.23%,15.94%,2.24%,7.94%,0.68%,0.68%,73
FCSTX,Fidelityï¿½California Limited Term Tax-Free Bond Fund (FCSTX),Muni Single State Short,2.15%,4.55%,0.10%,0.78%,1.27%,2.34%,0.30%,0.30%,38
FSDPX,Fidelityï¿½Select Materials Portfolio (FSDPX),Natural Resources,2.31%,4.16%,3.71%,11.96%,5.44%,9.33%,0.71%,0.71%,109
FMNDX,Fidelityï¿½Conservative Income Municipal Bond Fund (FMNDX),Muni National Short,2.59%,4.12%,2.12%,1.55%,1.28%,1.23%,0.25%,0.30%,207
FTCXX,Fidelityï¿½Investments Money Market Tax Exempt - Class I (FTCXX),Money Market-Tax-Free,2.32%,3.41%,2.16%,1.46%,1.08%,2.33%,0.18%,0.22%,--
FNKXX,Fidelityï¿½New York Municipal Money Market Fund - Institutional Class (FNKXX),Money Market-Tax-Free,2.29%,3.38%,2.13%,1.45%,1.05%,1.80%,0.02%,0.25%,--
FTEXX,Fidelityï¿½Municipal Money Market Fund (FTEXX),Money Market-Tax-Free,2.22%,3.33%,2.06%,1.39%,0.96%,2.61%,0.40%,0.40%,--
FZEXX,Fidelityï¿½Tax-Exempt Money Market Fund Premium Class (FZEXX),Money Market-Tax-Free,2.24%,3.31%,2.07%,1.41%,1.00%,2.20%,0.30%,0.37%,--
FSKXX,Fidelityï¿½New Jersey Municipal Money Market Fund - Institutional Class (FSKXX),Money Market-Tax-Free,2.24%,3.30%,2.07%,1.40%,1.02%,1.81%,0.20%,0.25%,--
FSNXX,Fidelityï¿½New York Municipal Money Market Fund - Premium Class (FSNXX),Money Market-Tax-Free,2.22%,3.28%,2.05%,1.38%,0.98%,1.77%,0.30%,0.30%,--
FSJXX,Fidelityï¿½New Jersey Municipal Money Market Fund - Premium Class (FSJXX),Money Market-Tax-Free,2.17%,3.20%,1.99%,1.33%,0.95%,1.78%,0.30%,0.30%,--
FMAXX,Fidelityï¿½Massachusetts Municipal Money Market Fund - Institutional Class (FMAXX),Money Market-Tax-Free,2.21%,3.19%,2.01%,1.36%,1.00%,1.66%,0.20%,0.25%,--
FMOXX,Fidelityï¿½Tax-Exempt Money Market Fund (FMOXX),Money Market-Tax-Free,2.16%,3.18%,1.97%,1.33%,0.91%,2.18%,0.42%,0.47%,--
FAWXX,Fidelityï¿½New York Municipal Money Market Fund (FAWXX),Money Market-Tax-Free,2.13%,3.15%,--,--,--,2.87%,0.42%,0.42%,--
FMSXX,Fidelityï¿½Massachusetts Municipal Money Market Fund - Premium Class (FMSXX),Money Market-Tax-Free,2.14%,3.09%,1.93%,1.30%,0.93%,1.62%,0.30%,0.30%,--
FAYXX,Fidelityï¿½New Jersey Municipal Money Market Fund (FAYXX),Money Market-Tax-Free,2.08%,3.07%,--,--,--,2.76%,0.42%,0.42%,--
FSBXX,Fidelityï¿½California Municipal Money Market Fund - Institutional Class (FSBXX),Money Market-Tax-Free,2.16%,3.06%,1.96%,1.32%,0.97%,1.84%,0.20%,0.25%,--
FSPXX,Fidelityï¿½California Municipal Money Market Fund - Premium Class (FSPXX),Money Market-Tax-Free,2.09%,2.96%,1.87%,1.25%,0.90%,1.81%,0.30%,0.30%,--
FAUXX,Fidelityï¿½Massachusetts Municipal Money Market Fund (FAUXX),Money Market-Tax-Free,2.05%,2.96%,--,--,--,2.69%,0.42%,0.42%,--
FABXX,Fidelityï¿½California Municipal Money Market Fund (FABXX),Money Market-Tax-Free,2.00%,2.83%,--,--,--,2.60%,0.42%,0.42%,--
FSAVX,Fidelityï¿½Select Automotive Portfolio (FSAVX),Consumer Cyclical,-3.59%,1.56%,-1.77%,15.27%,8.31%,9.14%,0.77%,0.77%,48
FAQAX,Fidelityï¿½Macro Opportunities Fund (FAQAX),Macro Trading,0.89%,0.34%,--,--,--,-4.93%,0.84%,0.92%,--
FARMX,Fidelityï¿½Agricultural Productivity Fund (FARMX),Natural Resources,-5.18%,-5.25%,0.77%,--,--,15.25%,0.95%,0.97%,109
